Time Dedication,Living Space,Grooming,Children,Activity Level,Dog Size,Suitable Dog
1-2 hours,Apartment,Yes,"Yes, under 10 years old",Moderately active,Small,Beagle
3-4 hours,House with small yard,No,"Yes, under 10 years old",Very active,Large,Labrador Retriever
5+ hours,House with large yard,Yes,"Yes, 10+ years old",Not very active,Large,Golden Retriever
3-4 hours,Apartment,Yes,"Yes, under 10 years old",Moderately active,Small,Poodle
1-2 hours,House with small yard,No,No,Not very active,Medium,Bulldog
5+ hours,House with large yard,No,"Yes, 10+ years old",Very active,Large,German Shepherd
1-2 hours,Apartment,No,No,Not very active,Small,Chihuahua
3-4 hours,Apartment,Yes,No,Very active,Small,Beagle
5+ hours,House with small yard,Yes,"Yes, 10+ years old",Moderately active,Large,Golden Retriever
3-4 hours,House with large yard,No,"Yes, under 10 years old",Very active,Large,Labrador Retriever
1-2 hours,Apartment,Yes,"Yes, under 10 years old",Moderately active,Small,Poodle
5+ hours,House with large yard,No,"Yes, 10+ years old",Very active,Large,German Shepherd
1-2 hours,House with small yard,No,"Yes, 10+ years old",Not very active,Medium,Bulldog
3-4 hours,Apartment,Yes,No,Very active,Small,Beagle
5+ hours,House with small yard,Yes,"Yes, under 10 years old",Moderately active,Large,Golden Retriever
3-4 hours,House with large yard,No,No,Moderately active,Large,Labrador Retriever
1-2 hours,Apartment,Yes,"Yes, under 10 years old",Not very active,Small,Chihuahua
5+ hours,House with large yard,No,No,Very active,Large,German Shepherd
3-4 hours,House with small yard,Yes,"Yes, under 10 years old",Very active,Large,Labrador Retriever
1-2 hours,Apartment,No,"Yes, under 10 years old",Moderately active,Small,Chihuahua
3-4 hours,Apartment,Yes,"Yes, under 10 years old",Not very active,Small,Poodle
5+ hours,House with small yard,Yes,"Yes, under 10 years old",Very active,Large,Labrador Retriever
1-2 hours,Apartment,Yes,"Yes, 10+ years old",Moderately active,Small,Beagle
5+ hours,House with large yard,No,"Yes, under 10 years old",Very active,Large,Golden Retriever
